[
    {
        "folioCtrl": "202410040KSWI1755329",
        "canal": "WEB",
        "promotoria": "KS",
        "retenedor": "1",
        "tipoMovimiento": "Incremento",
        "poliza": "TRH785",
        "rfc": "GASE840105FUA",
        "prima": "1116.75",
        "motivoAura": "Tabla IMC, Tabla de Requisitos Adicionales",
        "pldArt": "NO",
        "status": "1",
        "fechaSolicitud": null,
        "fechaModificacion": "2024-10-04",
        "fechaAsig": "2024-10-04",
        "selecAsig": "Jesus Carrizales Macuixtle",
        "selecReasig": null,
        "relationSuscDesID": null,
        "numRows": 793,
        "processId": "1280073",
        "sequence": "107",
        "activitySequence": "11",
        "zona": null,
        "primaActual": null,
        "primaMovimiento": "1116.75",
        "nuevaPrima": null,
        "nuevaPrimaAnualizada": null,
        "totalPrimas": null,
        "numSolicitud": null,
        "userSubscripcion": null,
        "importeTotal": null,
        "userLiberacion": null,
        "estatus": null,
        "dictamen": null,
        "nombreTitular": null,
        "fechaSuscripcion": "04-10-2024",
        "usuarioLiberacion": null,
        "inforcesPolocyStr": null,
        "polizasAnteriores": null
    },
    {
        "folioCtrl": "202410040JAWE1312540",
        "canal": "WEB",
        "promotoria": "JA",
        "retenedor": "1",
        "tipoMovimiento": "Nuevo Negocio",
        "poliza": "",
        "rfc": "META930908F29",
        "prima": "229.26",
        "motivoAura": "Médico",
        "pldArt": "NO",
        "status": "1",
        "fechaSolicitud": null,
        "fechaModificacion": "2024-10-04",
        "fechaAsig": "2024-10-04",
        "selecAsig": "Jesus Carrizales Macuixtle",
        "selecReasig": null,
        "relationSuscDesID": null,
        "numRows": 793,
        "processId": "1280003",
        "sequence": "103",
        "activitySequence": "11",
        "zona": null,
        "primaActual": null,
        "primaMovimiento": "229.26",
        "nuevaPrima": null,
        "nuevaPrimaAnualizada": null,
        "totalPrimas": null,
        "numSolicitud": null,
        "userSubscripcion": null,
        "importeTotal": null,
        "userLiberacion": null,
        "estatus": null,
        "dictamen": null,
        "nombreTitular": null,
        "fechaSuscripcion": "04-10-2024",
        "usuarioLiberacion": null,
        "inforcesPolocyStr": null,
        "polizasAnteriores": null
    },
    {
        "folioCtrl": "202410020KFWE1232209",
        "canal": "WEB",
        "promotoria": "KF",
        "retenedor": "1",
        "tipoMovimiento": "Nuevo Negocio",
        "poliza": "",
        "rfc": "GAMD8304035A2",
        "prima": "1643.81",
        "motivoAura": "Médico",
        "pldArt": "NO",
        "status": "1",
        "fechaSolicitud": null,
        "fechaModificacion": "2024-10-02",
        "fechaAsig": "2024-10-02",
        "selecAsig": "Jesus Carrizales Macuixtle",
        "selecReasig": null,
        "relationSuscDesID": null,
        "numRows": 793,
        "processId": "1279183",
        "sequence": "103",
        "activitySequence": "11",
        "zona": null,
        "primaActual": null,
        "primaMovimiento": "1643.81",
        "nuevaPrima": null,
        "nuevaPrimaAnualizada": null,
        "totalPrimas": null,
        "numSolicitud": null,
        "userSubscripcion": null,
        "importeTotal": null,
        "userLiberacion": null,
        "estatus": null,
        "dictamen": null,
        "nombreTitular": null,
        "fechaSuscripcion": "02-10-2024",
        "usuarioLiberacion": null,
        "inforcesPolocyStr": null,
        "polizasAnteriores": null
    },
    {
        "folioCtrl": "202410020KFWE1113574",
        "canal": "WEB",
        "promotoria": "KF",
        "retenedor": "1",
        "tipoMovimiento": "Nuevo Negocio",
        "poliza": "",
        "rfc": "LUCD8210151L6",
        "prima": "1556.98",
        "motivoAura": "Médico",
        "pldArt": "NO",
        "status": "1",
        "fechaSolicitud": null,
        "fechaModificacion": "2024-10-02",
        "fechaAsig": "2024-10-02",
        "selecAsig": "Jesus Carrizales Macuixtle",
        "selecReasig": null,
        "relationSuscDesID": null,
        "numRows": 793,
        "processId": "1279159",
        "sequence": "103",
        "activitySequence": "11",
        "zona": null,
        "primaActual": null,
        "primaMovimiento": "1556.98",
        "nuevaPrima": null,
        "nuevaPrimaAnualizada": null,
        "totalPrimas": null,
        "numSolicitud": null,
        "userSubscripcion": null,
        "importeTotal": null,
        "userLiberacion": null,
        "estatus": null,
        "dictamen": null,
        "nombreTitular": null,
        "fechaSuscripcion": "02-10-2024",
        "usuarioLiberacion": null,
        "inforcesPolocyStr": null,
        "polizasAnteriores": null
    },
    {
        "folioCtrl": "202410020KFWE1056539",
        "canal": "WEB",
        "promotoria": "KF",
        "retenedor": "1",
        "tipoMovimiento": "Nuevo Negocio",
        "poliza": "",
        "rfc": "NANM980409AM6",
        "prima": "1226.14",
        "motivoAura": "Médico",
        "pldArt": "NO",
        "status": "1",
        "fechaSolicitud": null,
        "fechaModificacion": "2024-10-02",
        "fechaAsig": "2024-10-02",
        "selecAsig": "Jesus Carrizales Macuixtle",
        "selecReasig": null,
        "relationSuscDesID": null,
        "numRows": 793,
        "processId": "1279151",
        "sequence": "103",
        "activitySequence": "11",
        "zona": null,
        "primaActual": null,
        "primaMovimiento": "1226.14",
        "nuevaPrima": null,
        "nuevaPrimaAnualizada": null,
        "totalPrimas": null,
        "numSolicitud": null,
        "userSubscripcion": null,
        "importeTotal": null,
        "userLiberacion": null,
        "estatus": null,
        "dictamen": null,
        "nombreTitular": null,
        "fechaSuscripcion": "02-10-2024",
        "usuarioLiberacion": null,
        "inforcesPolocyStr": null,
        "polizasAnteriores": null
    },
    {
        "folioCtrl": "202410020KFWE1029345",
        "canal": "WEB",
        "promotoria": "KF",
        "retenedor": "1",
        "tipoMovimiento": "Nuevo Negocio",
        "poliza": "",
        "rfc": "GOID880229NCA",
        "prima": "1635.09",
        "motivoAura": "Médico",
        "pldArt": "NO",
        "status": "1",
        "fechaSolicitud": null,
        "fechaModificacion": "2024-10-02",
        "fechaAsig": "2024-10-02",
        "selecAsig": "Jesus Carrizales Macuixtle",
        "selecReasig": null,
        "relationSuscDesID": null,
        "numRows": 793,
        "processId": "1279135",
        "sequence": "103",
        "activitySequence": "11",
        "zona": null,
        "primaActual": null,
        "primaMovimiento": "1635.09",
        "nuevaPrima": null,
        "nuevaPrimaAnualizada": null,
        "totalPrimas": null,
        "numSolicitud": null,
        "userSubscripcion": null,
        "importeTotal": null,
        "userLiberacion": null,
        "estatus": null,
        "dictamen": null,
        "nombreTitular": null,
        "fechaSuscripcion": "02-10-2024",
        "usuarioLiberacion": null,
        "inforcesPolocyStr": null,
        "polizasAnteriores": null
    },
    {
        "folioCtrl": "202410020KFWE1027386",
        "canal": "WEB",
        "promotoria": "KF",
        "retenedor": "1",
        "tipoMovimiento": "Nuevo Negocio",
        "poliza": "",
        "rfc": "MOMM990328I3A",
        "prima": "1017.53",
        "motivoAura": "Médico",
        "pldArt": "NO",
        "status": "1",
        "fechaSolicitud": null,
        "fechaModificacion": "2024-10-02",
        "fechaAsig": "2024-10-02",
        "selecAsig": "Jesus Carrizales Macuixtle",
        "selecReasig": null,
        "relationSuscDesID": null,
        "numRows": 793,
        "processId": "1279133",
        "sequence": "103",
        "activitySequence": "11",
        "zona": null,
        "primaActual": null,
        "primaMovimiento": "1017.53",
        "nuevaPrima": null,
        "nuevaPrimaAnualizada": null,
        "totalPrimas": null,
        "numSolicitud": null,
        "userSubscripcion": null,
        "importeTotal": null,
        "userLiberacion": null,
        "estatus": null,
        "dictamen": null,
        "nombreTitular": null,
        "fechaSuscripcion": "02-10-2024",
        "usuarioLiberacion": null,
        "inforcesPolocyStr": null,
        "polizasAnteriores": null
    },
    {
        "folioCtrl": "202409270MFWE1550596",
        "canal": "WEB",
        "promotoria": "MF",
        "retenedor": "3",
        "tipoMovimiento": "Nuevo Negocio",
        "poliza": "",
        "rfc": "MOMM7001019I4",
        "prima": "14372.67",
        "motivoAura": "Artículo 492 (PLD)",
        "pldArt": "SI",
        "status": "1",
        "fechaSolicitud": null,
        "fechaModificacion": "2024-09-27",
        "fechaAsig": "2024-09-27",
        "selecAsig": "Jesus Carrizales Macuixtle",
        "selecReasig": null,
        "relationSuscDesID": null,
        "numRows": 793,
        "processId": "1278072",
        "sequence": "103",
        "activitySequence": "11",
        "zona": null,
        "primaActual": null,
        "primaMovimiento": "14372.67",
        "nuevaPrima": null,
        "nuevaPrimaAnualizada": null,
        "totalPrimas": null,
        "numSolicitud": null,
        "userSubscripcion": null,
        "importeTotal": null,
        "userLiberacion": null,
        "estatus": null,
        "dictamen": null,
        "nombreTitular": null,
        "fechaSuscripcion": "27-09-2024",
        "usuarioLiberacion": null,
        "inforcesPolocyStr": null,
        "polizasAnteriores": null
    },
    {
        "folioCtrl": "202409270KFWE1843812",
        "canal": "WEB",
        "promotoria": "KF",
        "retenedor": "1",
        "tipoMovimiento": "Nuevo Negocio",
        "poliza": "",
        "rfc": "PIMS94031612A",
        "prima": "641.24",
        "motivoAura": "Médico",
        "pldArt": "NO",
        "status": "1",
        "fechaSolicitud": null,
        "fechaModificacion": "2024-09-27",
        "fechaAsig": "2024-09-27",
        "selecAsig": "Jesus Carrizales Macuixtle",
        "selecReasig": null,
        "relationSuscDesID": null,
        "numRows": 793,
        "processId": "1278174",
        "sequence": "103",
        "activitySequence": "11",
        "zona": null,
        "primaActual": null,
        "primaMovimiento": "641.24",
        "nuevaPrima": null,
        "nuevaPrimaAnualizada": null,
        "totalPrimas": null,
        "numSolicitud": null,
        "userSubscripcion": null,
        "importeTotal": null,
        "userLiberacion": null,
        "estatus": null,
        "dictamen": null,
        "nombreTitular": null,
        "fechaSuscripcion": "27-09-2024",
        "usuarioLiberacion": null,
        "inforcesPolocyStr": null,
        "polizasAnteriores": null
    },
    {
        "folioCtrl": "202409270KFWE1815719",
        "canal": "WEB",
        "promotoria": "KF",
        "retenedor": "1",
        "tipoMovimiento": "Nuevo Negocio",
        "poliza": "",
        "rfc": "RETH850205US4",
        "prima": "956.80",
        "motivoAura": "Médico",
        "pldArt": "NO",
        "status": "1",
        "fechaSolicitud": null,
        "fechaModificacion": "2024-09-27",
        "fechaAsig": "2024-09-27",
        "selecAsig": "Jesus Carrizales Macuixtle",
        "selecReasig": null,
        "relationSuscDesID": null,
        "numRows": 793,
        "processId": "1278152",
        "sequence": "103",
        "activitySequence": "11",
        "zona": null,
        "primaActual": null,
        "primaMovimiento": "956.80",
        "nuevaPrima": null,
        "nuevaPrimaAnualizada": null,
        "totalPrimas": null,
        "numSolicitud": null,
        "userSubscripcion": null,
        "importeTotal": null,
        "userLiberacion": null,
        "estatus": null,
        "dictamen": null,
        "nombreTitular": null,
        "fechaSuscripcion": "27-09-2024",
        "usuarioLiberacion": null,
        "inforcesPolocyStr": null,
        "polizasAnteriores": null
    },
    {
        "folioCtrl": "202409270KFWE1749437",
        "canal": "WEB",
        "promotoria": "KF",
        "retenedor": "1",
        "tipoMovimiento": "Nuevo Negocio",
        "poliza": "",
        "rfc": "VECL800928774",
        "prima": "2424.12",
        "motivoAura": "Médico",
        "pldArt": "NO",
        "status": "1",
        "fechaSolicitud": null,
        "fechaModificacion": "2024-09-27",
        "fechaAsig": "2024-09-27",
        "selecAsig": "Jesus Carrizales Macuixtle",
        "selecReasig": null,
        "relationSuscDesID": null,
        "numRows": 793,
        "processId": "1278137",
        "sequence": "103",
        "activitySequence": "11",
        "zona": null,
        "primaActual": null,
        "primaMovimiento": "2424.12",
        "nuevaPrima": null,
        "nuevaPrimaAnualizada": null,
        "totalPrimas": null,
        "numSolicitud": null,
        "userSubscripcion": null,
        "importeTotal": null,
        "userLiberacion": null,
        "estatus": null,
        "dictamen": null,
        "nombreTitular": null,
        "fechaSuscripcion": "27-09-2024",
        "usuarioLiberacion": null,
        "inforcesPolocyStr": null,
        "polizasAnteriores": null
    },
    {
        "folioCtrl": "202409270KFWE1744238",
        "canal": "WEB",
        "promotoria": "KF",
        "retenedor": "1",
        "tipoMovimiento": "Nuevo Negocio",
        "poliza": "",
        "rfc": "BALE991126193",
        "prima": "654.84",
        "motivoAura": "Médico",
        "pldArt": "NO",
        "status": "1",
        "fechaSolicitud": null,
        "fechaModificacion": "2024-09-27",
        "fechaAsig": "2024-09-27",
        "selecAsig": "Jesus Carrizales Macuixtle",
        "selecReasig": null,
        "relationSuscDesID": null,
        "numRows": 793,
        "processId": "1278135",
        "sequence": "103",
        "activitySequence": "11",
        "zona": null,
        "primaActual": null,
        "primaMovimiento": "654.84",
        "nuevaPrima": null,
        "nuevaPrimaAnualizada": null,
        "totalPrimas": null,
        "numSolicitud": null,
        "userSubscripcion": null,
        "importeTotal": null,
        "userLiberacion": null,
        "estatus": null,
        "dictamen": null,
        "nombreTitular": null,
        "fechaSuscripcion": "27-09-2024",
        "usuarioLiberacion": null,
        "inforcesPolocyStr": null,
        "polizasAnteriores": null
    },
    {
        "folioCtrl": "202409270KFWE1734022",
        "canal": "WEB",
        "promotoria": "KF",
        "retenedor": "1",
        "tipoMovimiento": "Nuevo Negocio",
        "poliza": "",
        "rfc": "HEVC000322L67",
        "prima": "1171.84",
        "motivoAura": "Médico",
        "pldArt": "NO",
        "status": "1",
        "fechaSolicitud": null,
        "fechaModificacion": "2024-09-27",
        "fechaAsig": "2024-09-27",
        "selecAsig": "Jesus Carrizales Macuixtle",
        "selecReasig": null,
        "relationSuscDesID": null,
        "numRows": 793,
        "processId": "1278129",
        "sequence": "103",
        "activitySequence": "11",
        "zona": null,
        "primaActual": null,
        "primaMovimiento": "1171.84",
        "nuevaPrima": null,
        "nuevaPrimaAnualizada": null,
        "totalPrimas": null,
        "numSolicitud": null,
        "userSubscripcion": null,
        "importeTotal": null,
        "userLiberacion": null,
        "estatus": null,
        "dictamen": null,
        "nombreTitular": null,
        "fechaSuscripcion": "27-09-2024",
        "usuarioLiberacion": null,
        "inforcesPolocyStr": null,
        "polizasAnteriores": null
    },
    {
        "folioCtrl": "202409260KSWE1058644",
        "canal": "WEB",
        "promotoria": "KS",
        "retenedor": "914",
        "tipoMovimiento": "Nuevo Negocio",
        "poliza": "",
        "rfc": "AUAA920209648",
        "prima": "410.42",
        "motivoAura": "Ocupación",
        "pldArt": "NO",
        "status": "1",
        "fechaSolicitud": null,
        "fechaModificacion": "2024-09-26",
        "fechaAsig": "2024-09-26",
        "selecAsig": "Jesus Carrizales Macuixtle",
        "selecReasig": null,
        "relationSuscDesID": null,
        "numRows": 793,
        "processId": "1277393",
        "sequence": "103",
        "activitySequence": "11",
        "zona": null,
        "primaActual": null,
        "primaMovimiento": "410.42",
        "nuevaPrima": null,
        "nuevaPrimaAnualizada": null,
        "totalPrimas": null,
        "numSolicitud": null,
        "userSubscripcion": null,
        "importeTotal": null,
        "userLiberacion": null,
        "estatus": null,
        "dictamen": null,
        "nombreTitular": null,
        "fechaSuscripcion": "26-09-2024",
        "usuarioLiberacion": null,
        "inforcesPolocyStr": null,
        "polizasAnteriores": null
    },
    {
        "folioCtrl": "202409260KSWE1053905",
        "canal": "WEB",
        "promotoria": "KS",
        "retenedor": "993",
        "tipoMovimiento": "Nuevo Negocio",
        "poliza": "",
        "rfc": "SASA9202031L7",
        "prima": "410.42",
        "motivoAura": "Ocupación",
        "pldArt": "NO",
        "status": "1",
        "fechaSolicitud": null,
        "fechaModificacion": "2024-09-26",
        "fechaAsig": "2024-09-26",
        "selecAsig": "Jesus Carrizales Macuixtle",
        "selecReasig": null,
        "relationSuscDesID": null,
        "numRows": 793,
        "processId": "1277388",
        "sequence": "103",
        "activitySequence": "11",
        "zona": null,
        "primaActual": null,
        "primaMovimiento": "410.42",
        "nuevaPrima": null,
        "nuevaPrimaAnualizada": null,
        "totalPrimas": null,
        "numSolicitud": null,
        "userSubscripcion": null,
        "importeTotal": null,
        "userLiberacion": null,
        "estatus": null,
        "dictamen": null,
        "nombreTitular": null,
        "fechaSuscripcion": "26-09-2024",
        "usuarioLiberacion": null,
        "inforcesPolocyStr": null,
        "polizasAnteriores": null
    },
    {
        "folioCtrl": "202409260KFWE2044022",
        "canal": "WEB",
        "promotoria": "KF",
        "retenedor": "1",
        "tipoMovimiento": "Nuevo Negocio",
        "poliza": "",
        "rfc": "LOMS7001013G2",
        "prima": "101.96",
        "motivoAura": "Médico",
        "pldArt": "NO",
        "status": "1",
        "fechaSolicitud": null,
        "fechaModificacion": "2024-09-26",
        "fechaAsig": "2024-09-26",
        "selecAsig": "Jesus Carrizales Macuixtle",
        "selecReasig": null,
        "relationSuscDesID": null,
        "numRows": 793,
        "processId": "1277657",
        "sequence": "103",
        "activitySequence": "11",
        "zona": null,
        "primaActual": null,
        "primaMovimiento": "101.96",
        "nuevaPrima": null,
        "nuevaPrimaAnualizada": null,
        "totalPrimas": null,
        "numSolicitud": null,
        "userSubscripcion": null,
        "importeTotal": null,
        "userLiberacion": null,
        "estatus": null,
        "dictamen": null,
        "nombreTitular": null,
        "fechaSuscripcion": "26-09-2024",
        "usuarioLiberacion": null,
        "inforcesPolocyStr": null,
        "polizasAnteriores": null
    },
    {
        "folioCtrl": "202409260KFWE1704371",
        "canal": "WEB",
        "promotoria": "KF",
        "retenedor": "1",
        "tipoMovimiento": "Nuevo Negocio",
        "poliza": "",
        "rfc": "CAPJ0008055D8",
        "prima": "999.51",
        "motivoAura": "Médico",
        "pldArt": "NO",
        "status": "1",
        "fechaSolicitud": null,
        "fechaModificacion": "2024-09-26",
        "fechaAsig": "2024-09-26",
        "selecAsig": "Jesus Carrizales Macuixtle",
        "selecReasig": null,
        "relationSuscDesID": null,
        "numRows": 793,
        "processId": "1277561",
        "sequence": "103",
        "activitySequence": "11",
        "zona": null,
        "primaActual": null,
        "primaMovimiento": "999.51",
        "nuevaPrima": null,
        "nuevaPrimaAnualizada": null,
        "totalPrimas": null,
        "numSolicitud": null,
        "userSubscripcion": null,
        "importeTotal": null,
        "userLiberacion": null,
        "estatus": null,
        "dictamen": null,
        "nombreTitular": null,
        "fechaSuscripcion": "26-09-2024",
        "usuarioLiberacion": null,
        "inforcesPolocyStr": null,
        "polizasAnteriores": null
    },
    {
        "folioCtrl": "202409240KSWE1719189",
        "canal": "WEB",
        "promotoria": "KS",
        "retenedor": "1",
        "tipoMovimiento": "Nuevo Negocio",
        "poliza": "",
        "rfc": "MUZS790426UF1",
        "prima": "713.75",
        "motivoAura": "",
        "pldArt": "NO",
        "status": "1",
        "fechaSolicitud": null,
        "fechaModificacion": "2024-09-24",
        "fechaAsig": "2024-09-24",
        "selecAsig": "Jesus Carrizales Macuixtle",
        "selecReasig": null,
        "relationSuscDesID": null,
        "numRows": 793,
        "processId": "1276768",
        "sequence": "103",
        "activitySequence": "11",
        "zona": null,
        "primaActual": null,
        "primaMovimiento": "713.75",
        "nuevaPrima": null,
        "nuevaPrimaAnualizada": null,
        "totalPrimas": null,
        "numSolicitud": null,
        "userSubscripcion": null,
        "importeTotal": null,
        "userLiberacion": null,
        "estatus": null,
        "dictamen": null,
        "nombreTitular": null,
        "fechaSuscripcion": "24-09-2024",
        "usuarioLiberacion": null,
        "inforcesPolocyStr": null,
        "polizasAnteriores": null
    },
    {
        "folioCtrl": "202409240KFWE1917084",
        "canal": "WEB",
        "promotoria": "KF",
        "retenedor": "1",
        "tipoMovimiento": "Nuevo Negocio",
        "poliza": "",
        "rfc": "GOLM931201V2A",
        "prima": "1159.24",
        "motivoAura": "Médico",
        "pldArt": "NO",
        "status": "1",
        "fechaSolicitud": null,
        "fechaModificacion": "2024-09-24",
        "fechaAsig": "2024-09-24",
        "selecAsig": "Jesus Carrizales Macuixtle",
        "selecReasig": null,
        "relationSuscDesID": null,
        "numRows": 793,
        "processId": "1276793",
        "sequence": "103",
        "activitySequence": "11",
        "zona": null,
        "primaActual": null,
        "primaMovimiento": "1159.24",
        "nuevaPrima": null,
        "nuevaPrimaAnualizada": null,
        "totalPrimas": null,
        "numSolicitud": null,
        "userSubscripcion": null,
        "importeTotal": null,
        "userLiberacion": null,
        "estatus": null,
        "dictamen": null,
        "nombreTitular": null,
        "fechaSuscripcion": "24-09-2024",
        "usuarioLiberacion": null,
        "inforcesPolocyStr": null,
        "polizasAnteriores": null
    },
    {
        "folioCtrl": "202409200KSWE2021410",
        "canal": "WEB",
        "promotoria": "KS",
        "retenedor": "1",
        "tipoMovimiento": "Nuevo Negocio",
        "poliza": "",
        "rfc": "PUPR860502DCA",
        "prima": "318.21",
        "motivoAura": "Ocupación",
        "pldArt": "NO",
        "status": "1",
        "fechaSolicitud": null,
        "fechaModificacion": "2024-09-20",
        "fechaAsig": "2024-09-20",
        "selecAsig": "Jesus Carrizales Macuixtle",
        "selecReasig": null,
        "relationSuscDesID": null,
        "numRows": 793,
        "processId": "1276165",
        "sequence": "103",
        "activitySequence": "11",
        "zona": null,
        "primaActual": null,
        "primaMovimiento": "318.21",
        "nuevaPrima": null,
        "nuevaPrimaAnualizada": null,
        "totalPrimas": null,
        "numSolicitud": null,
        "userSubscripcion": null,
        "importeTotal": null,
        "userLiberacion": null,
        "estatus": null,
        "dictamen": null,
        "nombreTitular": null,
        "fechaSuscripcion": "20-09-2024",
        "usuarioLiberacion": null,
        "inforcesPolocyStr": null,
        "polizasAnteriores": null
    },
    {
        "folioCtrl": "202409200KSWE1330826",
        "canal": "WEB",
        "promotoria": "KS",
        "retenedor": "9",
        "tipoMovimiento": "Nuevo Negocio",
        "poliza": "",
        "rfc": "COMJ881102QV9",
        "prima": "750.34",
        "motivoAura": "Ocupación",
        "pldArt": "NO",
        "status": "1",
        "fechaSolicitud": null,
        "fechaModificacion": "2024-09-20",
        "fechaAsig": "2024-09-20",
        "selecAsig": "Jesus Carrizales Macuixtle",
        "selecReasig": null,
        "relationSuscDesID": null,
        "numRows": 793,
        "processId": "1276117",
        "sequence": "103",
        "activitySequence": "11",
        "zona": null,
        "primaActual": null,
        "primaMovimiento": "750.34",
        "nuevaPrima": null,
        "nuevaPrimaAnualizada": null,
        "totalPrimas": null,
        "numSolicitud": null,
        "userSubscripcion": null,
        "importeTotal": null,
        "userLiberacion": null,
        "estatus": null,
        "dictamen": null,
        "nombreTitular": null,
        "fechaSuscripcion": "20-09-2024",
        "usuarioLiberacion": null,
        "inforcesPolocyStr": null,
        "polizasAnteriores": null
    },
    {
        "folioCtrl": "202409180ACWE1838911",
        "canal": "WEB",
        "promotoria": "AC",
        "retenedor": "1",
        "tipoMovimiento": "Nuevo Negocio",
        "poliza": "",
        "rfc": "SARA460511332",
        "prima": "1859.25",
        "motivoAura": "Siniestro OII",
        "pldArt": "NO",
        "status": "1",
        "fechaSolicitud": null,
        "fechaModificacion": "2024-09-18",
        "fechaAsig": "2024-09-18",
        "selecAsig": "Jesus Carrizales Macuixtle",
        "selecReasig": null,
        "relationSuscDesID": null,
        "numRows": 793,
        "processId": "1275762",
        "sequence": "103",
        "activitySequence": "11",
        "zona": null,
        "primaActual": null,
        "primaMovimiento": "1859.25",
        "nuevaPrima": null,
        "nuevaPrimaAnualizada": null,
        "totalPrimas": null,
        "numSolicitud": null,
        "userSubscripcion": null,
        "importeTotal": null,
        "userLiberacion": null,
        "estatus": null,
        "dictamen": null,
        "nombreTitular": null,
        "fechaSuscripcion": "18-09-2024",
        "usuarioLiberacion": null,
        "inforcesPolocyStr": null,
        "polizasAnteriores": null
    },
    {
        "folioCtrl": "202409120KSWE2012183",
        "canal": "WEB",
        "promotoria": "KS",
        "retenedor": "17",
        "tipoMovimiento": "Nuevo Negocio",
        "poliza": "",
        "rfc": "RIRS860805EX9",
        "prima": "454.59",
        "motivoAura": "Tabla IMC, Médico",
        "pldArt": "NO",
        "status": "1",
        "fechaSolicitud": null,
        "fechaModificacion": "2024-09-18",
        "fechaAsig": "2024-09-18",
        "selecAsig": "Jesus Carrizales Macuixtle",
        "selecReasig": null,
        "relationSuscDesID": null,
        "numRows": 793,
        "processId": "1275224",
        "sequence": "103",
        "activitySequence": "11",
        "zona": null,
        "primaActual": null,
        "primaMovimiento": "454.59",
        "nuevaPrima": null,
        "nuevaPrimaAnualizada": null,
        "totalPrimas": null,
        "numSolicitud": null,
        "userSubscripcion": null,
        "importeTotal": null,
        "userLiberacion": null,
        "estatus": null,
        "dictamen": null,
        "nombreTitular": null,
        "fechaSuscripcion": "12-09-2024",
        "usuarioLiberacion": null,
        "inforcesPolocyStr": null,
        "polizasAnteriores": null
    },
    {
        "folioCtrl": "202409120KSMI1400062",
        "canal": "MOBILE",
        "promotoria": "KS",
        "retenedor": "1",
        "tipoMovimiento": "Incremento",
        "poliza": "TRE734",
        "rfc": "MANF9309024F5",
        "prima": "154.38",
        "motivoAura": "Médico",
        "pldArt": "NO",
        "status": "1",
        "fechaSolicitud": null,
        "fechaModificacion": "2024-09-16",
        "fechaAsig": "2024-09-16",
        "selecAsig": "Jesus Carrizales Macuixtle",
        "selecReasig": null,
        "relationSuscDesID": null,
        "numRows": 793,
        "processId": "1275173",
        "sequence": "105",
        "activitySequence": "11",
        "zona": null,
        "primaActual": null,
        "primaMovimiento": "154.38",
        "nuevaPrima": null,
        "nuevaPrimaAnualizada": null,
        "totalPrimas": null,
        "numSolicitud": null,
        "userSubscripcion": null,
        "importeTotal": null,
        "userLiberacion": null,
        "estatus": null,
        "dictamen": null,
        "nombreTitular": null,
        "fechaSuscripcion": "12-09-2024",
        "usuarioLiberacion": null,
        "inforcesPolocyStr": null,
        "polizasAnteriores": null
    },
    {
        "folioCtrl": "202408280KSWE1622325",
        "canal": "WEB",
        "promotoria": "KS",
        "retenedor": "914",
        "tipoMovimiento": "Nuevo Negocio",
        "poliza": "",
        "rfc": "CACJ980505IQA",
        "prima": "367.42",
        "motivoAura": "Ocupación",
        "pldArt": "NO",
        "status": "1",
        "fechaSolicitud": null,
        "fechaModificacion": "2024-09-06",
        "fechaAsig": "2024-09-12",
        "selecAsig": "Jesus Carrizales Macuixtle",
        "selecReasig": "Jesus Carrizales Macuixtle",
        "relationSuscDesID": null,
        "numRows": 793,
        "processId": "1273202",
        "sequence": "106",
        "activitySequence": "11",
        "zona": null,
        "primaActual": null,
        "primaMovimiento": "367.42",
        "nuevaPrima": null,
        "nuevaPrimaAnualizada": null,
        "totalPrimas": null,
        "numSolicitud": null,
        "userSubscripcion": null,
        "importeTotal": null,
        "userLiberacion": null,
        "estatus": null,
        "dictamen": null,
        "nombreTitular": null,
        "fechaSuscripcion": "28-08-2024",
        "usuarioLiberacion": null,
        "inforcesPolocyStr": null,
        "polizasAnteriores": null
    },
    {
        "folioCtrl": "202408230KSWC1846074",
        "canal": "WEB",
        "promotoria": "KS",
        "retenedor": "1",
        "tipoMovimiento": "Inclusión",
        "poliza": "TRE725",
        "rfc": "RORM900101CJ7",
        "prima": "96.40",
        "motivoAura": "Tabla IMC",
        "pldArt": "NO",
        "status": "1",
        "fechaSolicitud": null,
        "fechaModificacion": "2024-09-06",
        "fechaAsig": "2024-09-06",
        "selecAsig": "Jesus Carrizales Macuixtle",
        "selecReasig": null,
        "relationSuscDesID": null,
        "numRows": 793,
        "processId": "1272752",
        "sequence": "103",
        "activitySequence": "11",
        "zona": null,
        "primaActual": null,
        "primaMovimiento": "96.40",
        "nuevaPrima": null,
        "nuevaPrimaAnualizada": null,
        "totalPrimas": null,
        "numSolicitud": null,
        "userSubscripcion": null,
        "importeTotal": null,
        "userLiberacion": null,
        "estatus": null,
        "dictamen": null,
        "nombreTitular": null,
        "fechaSuscripcion": "23-08-2024",
        "usuarioLiberacion": null,
        "inforcesPolocyStr": null,
        "polizasAnteriores": null
    },
    {
        "folioCtrl": "202408210KSWE2123956",
        "canal": "WEB",
        "promotoria": "KS",
        "retenedor": "1",
        "tipoMovimiento": "Nuevo Negocio",
        "poliza": "",
        "rfc": "RORJ060202EB4",
        "prima": "30112.83",
        "motivoAura": "Artículo 492 (PLD)",
        "pldArt": "SI",
        "status": "1",
        "fechaSolicitud": null,
        "fechaModificacion": "2024-09-06",
        "fechaAsig": "2024-09-06",
        "selecAsig": "Jesus Carrizales Macuixtle",
        "selecReasig": null,
        "relationSuscDesID": null,
        "numRows": 793,
        "processId": "1272467",
        "sequence": "103",
        "activitySequence": "11",
        "zona": null,
        "primaActual": null,
        "primaMovimiento": "30112.83",
        "nuevaPrima": null,
        "nuevaPrimaAnualizada": null,
        "totalPrimas": null,
        "numSolicitud": null,
        "userSubscripcion": null,
        "importeTotal": null,
        "userLiberacion": null,
        "estatus": null,
        "dictamen": null,
        "nombreTitular": null,
        "fechaSuscripcion": "21-08-2024",
        "usuarioLiberacion": null,
        "inforcesPolocyStr": null,
        "polizasAnteriores": null
    },
    {
        "folioCtrl": "202408210ACWC1428228",
        "canal": "WEB",
        "promotoria": "AC",
        "retenedor": "912",
        "tipoMovimiento": "Inclusión",
        "poliza": "QXJ682",
        "rfc": "UOUU900101QS0",
        "prima": "3.55",
        "motivoAura": "Ocupación",
        "pldArt": "NO",
        "status": "1",
        "fechaSolicitud": null,
        "fechaModificacion": "2024-09-06",
        "fechaAsig": "2024-09-06",
        "selecAsig": "Jesus Carrizales Macuixtle",
        "selecReasig": null,
        "relationSuscDesID": null,
        "numRows": 793,
        "processId": "1272431",
        "sequence": "103",
        "activitySequence": "11",
        "zona": null,
        "primaActual": null,
        "primaMovimiento": "3.55",
        "nuevaPrima": null,
        "nuevaPrimaAnualizada": null,
        "totalPrimas": null,
        "numSolicitud": null,
        "userSubscripcion": null,
        "importeTotal": null,
        "userLiberacion": null,
        "estatus": null,
        "dictamen": null,
        "nombreTitular": null,
        "fechaSuscripcion": "21-08-2024",
        "usuarioLiberacion": null,
        "inforcesPolocyStr": null,
        "polizasAnteriores": null
    },
    {
        "folioCtrl": "202408190KSWE1052520",
        "canal": "WEB",
        "promotoria": "KS",
        "retenedor": "1",
        "tipoMovimiento": "Nuevo Negocio",
        "poliza": "",
        "rfc": "DILA0408193XA",
        "prima": "667.74",
        "motivoAura": "Tabla IMC",
        "pldArt": "NO",
        "status": "1",
        "fechaSolicitud": null,
        "fechaModificacion": "2024-09-06",
        "fechaAsig": "2024-09-06",
        "selecAsig": "Jesus Carrizales Macuixtle",
        "selecReasig": null,
        "relationSuscDesID": null,
        "numRows": 793,
        "processId": "1272036",
        "sequence": "103",
        "activitySequence": "11",
        "zona": null,
        "primaActual": null,
        "primaMovimiento": "667.74",
        "nuevaPrima": null,
        "nuevaPrimaAnualizada": null,
        "totalPrimas": null,
        "numSolicitud": null,
        "userSubscripcion": null,
        "importeTotal": null,
        "userLiberacion": null,
        "estatus": null,
        "dictamen": null,
        "nombreTitular": null,
        "fechaSuscripcion": "19-08-2024",
        "usuarioLiberacion": null,
        "inforcesPolocyStr": null,
        "polizasAnteriores": null
    },
    {
        "folioCtrl": "202408140KSWE2342708",
        "canal": "WEB",
        "promotoria": "KS",
        "retenedor": "1",
        "tipoMovimiento": "Nuevo Negocio",
        "poliza": "",
        "rfc": "CACC690814TI9",
        "prima": "540599.40",
        "motivoAura": "Artículo 492 (PLD)",
        "pldArt": "SI",
        "status": "1",
        "fechaSolicitud": null,
        "fechaModificacion": "2024-09-06",
        "fechaAsig": "2024-09-06",
        "selecAsig": "Jesus Carrizales Macuixtle",
        "selecReasig": null,
        "relationSuscDesID": null,
        "numRows": 793,
        "processId": "1271602",
        "sequence": "103",
        "activitySequence": "11",
        "zona": null,
        "primaActual": null,
        "primaMovimiento": "540599.40",
        "nuevaPrima": null,
        "nuevaPrimaAnualizada": null,
        "totalPrimas": null,
        "numSolicitud": null,
        "userSubscripcion": null,
        "importeTotal": null,
        "userLiberacion": null,
        "estatus": null,
        "dictamen": null,
        "nombreTitular": null,
        "fechaSuscripcion": "15-08-2024",
        "usuarioLiberacion": null,
        "inforcesPolocyStr": null,
        "polizasAnteriores": null
    },
    {
        "folioCtrl": "202408130ACMI1301054",
        "canal": "MOBILE",
        "promotoria": "AC",
        "retenedor": "22",
        "tipoMovimiento": "Incremento",
        "poliza": "QXJ741",
        "rfc": "EECT970716JV0",
        "prima": "0.21",
        "motivoAura": "Deportes",
        "pldArt": "NO",
        "status": "1",
        "fechaSolicitud": null,
        "fechaModificacion": "2024-08-13",
        "fechaAsig": "2024-08-13",
        "selecAsig": "Jesus Carrizales Macuixtle",
        "selecReasig": null,
        "relationSuscDesID": null,
        "numRows": 793,
        "processId": "1271089",
        "sequence": "105",
        "activitySequence": "11",
        "zona": null,
        "primaActual": null,
        "primaMovimiento": "0.21",
        "nuevaPrima": null,
        "nuevaPrimaAnualizada": null,
        "totalPrimas": null,
        "numSolicitud": null,
        "userSubscripcion": null,
        "importeTotal": null,
        "userLiberacion": null,
        "estatus": null,
        "dictamen": null,
        "nombreTitular": null,
        "fechaSuscripcion": "14-08-2024",
        "usuarioLiberacion": null,
        "inforcesPolocyStr": null,
        "polizasAnteriores": null
    },
    {
        "folioCtrl": "202408060KSWE1422378",
        "canal": "WEB",
        "promotoria": "KS",
        "retenedor": "1",
        "tipoMovimiento": "Nuevo Negocio",
        "poliza": "",
        "rfc": "PUPP040806LU0",
        "prima": "1208.54",
        "motivoAura": "Siniestro OII",
        "pldArt": "NO",
        "status": "1",
        "fechaSolicitud": null,
        "fechaModificacion": "2024-08-20",
        "fechaAsig": "2024-08-20",
        "selecAsig": "Hazael Ramos UW",
        "selecReasig": "Jesus Carrizales Macuixtle",
        "relationSuscDesID": null,
        "numRows": 793,
        "processId": "1269997",
        "sequence": "105",
        "activitySequence": "11",
        "zona": null,
        "primaActual": null,
        "primaMovimiento": "1208.54",
        "nuevaPrima": null,
        "nuevaPrimaAnualizada": null,
        "totalPrimas": null,
        "numSolicitud": null,
        "userSubscripcion": null,
        "importeTotal": null,
        "userLiberacion": null,
        "estatus": null,
        "dictamen": null,
        "nombreTitular": null,
        "fechaSuscripcion": "",
        "usuarioLiberacion": null,
        "inforcesPolocyStr": null,
        "polizasAnteriores": null
    },
    {
        "folioCtrl": "202408050KSWE1216117",
        "canal": "WEB",
        "promotoria": "KS",
        "retenedor": "1",
        "tipoMovimiento": "Nuevo Negocio",
        "poliza": "",
        "rfc": "MAPG890615IX9",
        "prima": "1193.72",
        "motivoAura": "Ocupación",
        "pldArt": "NO",
        "status": "1",
        "fechaSolicitud": null,
        "fechaModificacion": "2024-08-05",
        "fechaAsig": "2024-08-05",
        "selecAsig": "Jesus Carrizales Macuixtle",
        "selecReasig": null,
        "relationSuscDesID": null,
        "numRows": 793,
        "processId": "1269735",
        "sequence": "103",
        "activitySequence": "11",
        "zona": null,
        "primaActual": null,
        "primaMovimiento": "1193.72",
        "nuevaPrima": null,
        "nuevaPrimaAnualizada": null,
        "totalPrimas": null,
        "numSolicitud": null,
        "userSubscripcion": null,
        "importeTotal": null,
        "userLiberacion": null,
        "estatus": null,
        "dictamen": null,
        "nombreTitular": null,
        "fechaSuscripcion": "05-08-2024",
        "usuarioLiberacion": null,
        "inforcesPolocyStr": null,
        "polizasAnteriores": null
    },
    {
        "folioCtrl": "202408010KFWE1859273",
        "canal": "WEB",
        "promotoria": "KF",
        "retenedor": "1",
        "tipoMovimiento": "Nuevo Negocio",
        "poliza": "",
        "rfc": "MIPF9112056R4",
        "prima": "77.49",
        "motivoAura": "Siniestro OII",
        "pldArt": "NO",
        "status": "1",
        "fechaSolicitud": null,
        "fechaModificacion": "2024-08-01",
        "fechaAsig": "2024-08-01",
        "selecAsig": "Jesus Carrizales Macuixtle",
        "selecReasig": null,
        "relationSuscDesID": null,
        "numRows": 793,
        "processId": "1269455",
        "sequence": "103",
        "activitySequence": "11",
        "zona": null,
        "primaActual": null,
        "primaMovimiento": "77.49",
        "nuevaPrima": null,
        "nuevaPrimaAnualizada": null,
        "totalPrimas": null,
        "numSolicitud": null,
        "userSubscripcion": null,
        "importeTotal": null,
        "userLiberacion": null,
        "estatus": null,
        "dictamen": null,
        "nombreTitular": null,
        "fechaSuscripcion": "01-08-2024",
        "usuarioLiberacion": null,
        "inforcesPolocyStr": null,
        "polizasAnteriores": null
    },
    {
        "folioCtrl": "202408010ACWE1309316",
        "canal": "WEB",
        "promotoria": "AC",
        "retenedor": "12",
        "tipoMovimiento": "Nuevo Negocio",
        "poliza": "",
        "rfc": "ROER730211DPA",
        "prima": "1250.00",
        "motivoAura": "Ocupación",
        "pldArt": "NO",
        "status": "1",
        "fechaSolicitud": null,
        "fechaModificacion": "2024-08-01",
        "fechaAsig": "2024-09-03",
        "selecAsig": "Daniel Perez",
        "selecReasig": "Jesus Carrizales Macuixtle",
        "relationSuscDesID": null,
        "numRows": 793,
        "processId": "1269431",
        "sequence": "105",
        "activitySequence": "11",
        "zona": null,
        "primaActual": null,
        "primaMovimiento": "1250.00",
        "nuevaPrima": null,
        "nuevaPrimaAnualizada": null,
        "totalPrimas": null,
        "numSolicitud": null,
        "userSubscripcion": null,
        "importeTotal": null,
        "userLiberacion": null,
        "estatus": null,
        "dictamen": null,
        "nombreTitular": null,
        "fechaSuscripcion": "01-08-2024",
        "usuarioLiberacion": null,
        "inforcesPolocyStr": null,
        "polizasAnteriores": null
    },
    {
        "folioCtrl": "202408010ACWE1305893",
        "canal": "WEB",
        "promotoria": "AC",
        "retenedor": "12",
        "tipoMovimiento": "Nuevo Negocio",
        "poliza": "",
        "rfc": "ROEI7302096V6",
        "prima": "2083.92",
        "motivoAura": "Ocupación",
        "pldArt": "NO",
        "status": "1",
        "fechaSolicitud": null,
        "fechaModificacion": "2024-08-01",
        "fechaAsig": "2024-08-01",
        "selecAsig": "Jesus Carrizales Macuixtle",
        "selecReasig": null,
        "relationSuscDesID": null,
        "numRows": 793,
        "processId": "1269427",
        "sequence": "103",
        "activitySequence": "11",
        "zona": null,
        "primaActual": null,
        "primaMovimiento": "2083.92",
        "nuevaPrima": null,
        "nuevaPrimaAnualizada": null,
        "totalPrimas": null,
        "numSolicitud": null,
        "userSubscripcion": null,
        "importeTotal": null,
        "userLiberacion": null,
        "estatus": null,
        "dictamen": null,
        "nombreTitular": null,
        "fechaSuscripcion": "01-08-2024",
        "usuarioLiberacion": null,
        "inforcesPolocyStr": null,
        "polizasAnteriores": null
    },
    {
        "folioCtrl": "202408010ACWE1300570",
        "canal": "WEB",
        "promotoria": "AC",
        "retenedor": "12",
        "tipoMovimiento": "Nuevo Negocio",
        "poliza": "",
        "rfc": "ROEA730207LM3",
        "prima": "2333.92",
        "motivoAura": "Ocupación",
        "pldArt": "NO",
        "status": "1",
        "fechaSolicitud": null,
        "fechaModificacion": "2024-08-08",
        "fechaAsig": "2024-08-08",
        "selecAsig": "Jesus Carrizales Macuixtle",
        "selecReasig": null,
        "relationSuscDesID": null,
        "numRows": 793,
        "processId": "1269423",
        "sequence": "103",
        "activitySequence": "11",
        "zona": null,
        "primaActual": null,
        "primaMovimiento": "2333.92",
        "nuevaPrima": null,
        "nuevaPrimaAnualizada": null,
        "totalPrimas": null,
        "numSolicitud": null,
        "userSubscripcion": null,
        "importeTotal": null,
        "userLiberacion": null,
        "estatus": null,
        "dictamen": null,
        "nombreTitular": null,
        "fechaSuscripcion": "01-08-2024",
        "usuarioLiberacion": null,
        "inforcesPolocyStr": null,
        "polizasAnteriores": null
    },
    {
        "folioCtrl": "202408010ACWE1254763",
        "canal": "WEB",
        "promotoria": "AC",
        "retenedor": "12",
        "tipoMovimiento": "Nuevo Negocio",
        "poliza": "",
        "rfc": "GASN730204QI2",
        "prima": "1036.83",
        "motivoAura": "Ocupación",
        "pldArt": "NO",
        "status": "1",
        "fechaSolicitud": null,
        "fechaModificacion": "2024-08-01",
        "fechaAsig": "2024-08-01",
        "selecAsig": "Jesus Carrizales Macuixtle",
        "selecReasig": null,
        "relationSuscDesID": null,
        "numRows": 793,
        "processId": "1269418",
        "sequence": "103",
        "activitySequence": "11",
        "zona": null,
        "primaActual": null,
        "primaMovimiento": "1036.83",
        "nuevaPrima": null,
        "nuevaPrimaAnualizada": null,
        "totalPrimas": null,
        "numSolicitud": null,
        "userSubscripcion": null,
        "importeTotal": null,
        "userLiberacion": null,
        "estatus": null,
        "dictamen": null,
        "nombreTitular": null,
        "fechaSuscripcion": "01-08-2024",
        "usuarioLiberacion": null,
        "inforcesPolocyStr": null,
        "polizasAnteriores": null
    },
    {
        "folioCtrl": "202408010ACWE1248529",
        "canal": "WEB",
        "promotoria": "AC",
        "retenedor": "12",
        "tipoMovimiento": "Nuevo Negocio",
        "poliza": "",
        "rfc": "ROEK730201GB8",
        "prima": "1250.00",
        "motivoAura": "Ocupación",
        "pldArt": "NO",
        "status": "1",
        "fechaSolicitud": null,
        "fechaModificacion": "2024-08-01",
        "fechaAsig": "2024-08-01",
        "selecAsig": "Jesus Carrizales Macuixtle",
        "selecReasig": null,
        "relationSuscDesID": null,
        "numRows": 793,
        "processId": "1269415",
        "sequence": "103",
        "activitySequence": "11",
        "zona": null,
        "primaActual": null,
        "primaMovimiento": "1250.00",
        "nuevaPrima": null,
        "nuevaPrimaAnualizada": null,
        "totalPrimas": null,
        "numSolicitud": null,
        "userSubscripcion": null,
        "importeTotal": null,
        "userLiberacion": null,
        "estatus": null,
        "dictamen": null,
        "nombreTitular": null,
        "fechaSuscripcion": "01-08-2024",
        "usuarioLiberacion": null,
        "inforcesPolocyStr": null,
        "polizasAnteriores": null
    },
    {
        "folioCtrl": "202408010ACWE1244833",
        "canal": "WEB",
        "promotoria": "AC",
        "retenedor": "12",
        "tipoMovimiento": "Nuevo Negocio",
        "poliza": "",
        "rfc": "ROEC720129EL2",
        "prima": "2146.42",
        "motivoAura": "Ocupación",
        "pldArt": "NO",
        "status": "1",
        "fechaSolicitud": null,
        "fechaModificacion": "2024-08-01",
        "fechaAsig": "2024-08-01",
        "selecAsig": "Jesus Carrizales Macuixtle",
        "selecReasig": null,
        "relationSuscDesID": null,
        "numRows": 793,
        "processId": "1269412",
        "sequence": "103",
        "activitySequence": "11",
        "zona": null,
        "primaActual": null,
        "primaMovimiento": "2146.42",
        "nuevaPrima": null,
        "nuevaPrimaAnualizada": null,
        "totalPrimas": null,
        "numSolicitud": null,
        "userSubscripcion": null,
        "importeTotal": null,
        "userLiberacion": null,
        "estatus": null,
        "dictamen": null,
        "nombreTitular": null,
        "fechaSuscripcion": "01-08-2024",
        "usuarioLiberacion": null,
        "inforcesPolocyStr": null,
        "polizasAnteriores": null
    },
    {
        "folioCtrl": "202408010ACWE1237730",
        "canal": "WEB",
        "promotoria": "AC",
        "retenedor": "12",
        "tipoMovimiento": "Nuevo Negocio",
        "poliza": "",
        "rfc": "ROEJ7201263W8",
        "prima": "2519.33",
        "motivoAura": "Ocupación",
        "pldArt": "NO",
        "status": "1",
        "fechaSolicitud": null,
        "fechaModificacion": "2024-08-01",
        "fechaAsig": "2024-08-01",
        "selecAsig": "Jesus Carrizales Macuixtle",
        "selecReasig": null,
        "relationSuscDesID": null,
        "numRows": 793,
        "processId": "1269409",
        "sequence": "103",
        "activitySequence": "11",
        "zona": null,
        "primaActual": null,
        "primaMovimiento": "2519.33",
        "nuevaPrima": null,
        "nuevaPrimaAnualizada": null,
        "totalPrimas": null,
        "numSolicitud": null,
        "userSubscripcion": null,
        "importeTotal": null,
        "userLiberacion": null,
        "estatus": null,
        "dictamen": null,
        "nombreTitular": null,
        "fechaSuscripcion": "01-08-2024",
        "usuarioLiberacion": null,
        "inforcesPolocyStr": null,
        "polizasAnteriores": null
    },
    {
        "folioCtrl": "202408010ACWE1231415",
        "canal": "WEB",
        "promotoria": "AC",
        "retenedor": "12",
        "tipoMovimiento": "Nuevo Negocio",
        "poliza": "",
        "rfc": "GASR720123SY8",
        "prima": "1314.42",
        "motivoAura": "Ocupación",
        "pldArt": "NO",
        "status": "1",
        "fechaSolicitud": null,
        "fechaModificacion": "2024-08-01",
        "fechaAsig": "2024-08-01",
        "selecAsig": "Jesus Carrizales Macuixtle",
        "selecReasig": null,
        "relationSuscDesID": null,
        "numRows": 793,
        "processId": "1269406",
        "sequence": "103",
        "activitySequence": "11",
        "zona": null,
        "primaActual": null,
        "primaMovimiento": "1314.42",
        "nuevaPrima": null,
        "nuevaPrimaAnualizada": null,
        "totalPrimas": null,
        "numSolicitud": null,
        "userSubscripcion": null,
        "importeTotal": null,
        "userLiberacion": null,
        "estatus": null,
        "dictamen": null,
        "nombreTitular": null,
        "fechaSuscripcion": "01-08-2024",
        "usuarioLiberacion": null,
        "inforcesPolocyStr": null,
        "polizasAnteriores": null
    },
    {
        "folioCtrl": "202407310ACWE2220526",
        "canal": "WEB",
        "promotoria": "AC",
        "retenedor": "1",
        "tipoMovimiento": "Nuevo Negocio",
        "poliza": "",
        "rfc": "GASA740521J62",
        "prima": "1452.01",
        "motivoAura": "Ocupación",
        "pldArt": "NO",
        "status": "1",
        "fechaSolicitud": null,
        "fechaModificacion": "2024-07-31",
        "fechaAsig": "2024-07-31",
        "selecAsig": "Jesus Carrizales Macuixtle",
        "selecReasig": null,
        "relationSuscDesID": null,
        "numRows": 793,
        "processId": "1269360",
        "sequence": "103",
        "activitySequence": "11",
        "zona": null,
        "primaActual": null,
        "primaMovimiento": "1452.01",
        "nuevaPrima": null,
        "nuevaPrimaAnualizada": null,
        "totalPrimas": null,
        "numSolicitud": null,
        "userSubscripcion": null,
        "importeTotal": null,
        "userLiberacion": null,
        "estatus": null,
        "dictamen": null,
        "nombreTitular": null,
        "fechaSuscripcion": "31-07-2024",
        "usuarioLiberacion": null,
        "inforcesPolocyStr": null,
        "polizasAnteriores": null
    },
    {
        "folioCtrl": "202407310ACWE2214758",
        "canal": "WEB",
        "promotoria": "AC",
        "retenedor": "1",
        "tipoMovimiento": "Nuevo Negocio",
        "poliza": "",
        "rfc": "GASA7405195ZA",
        "prima": "3289.47",
        "motivoAura": "Ocupación",
        "pldArt": "NO",
        "status": "1",
        "fechaSolicitud": null,
        "fechaModificacion": "2024-07-31",
        "fechaAsig": "2024-07-31",
        "selecAsig": "Jesus Carrizales Macuixtle",
        "selecReasig": null,
        "relationSuscDesID": null,
        "numRows": 793,
        "processId": "1269358",
        "sequence": "103",
        "activitySequence": "11",
        "zona": null,
        "primaActual": null,
        "primaMovimiento": "3289.47",
        "nuevaPrima": null,
        "nuevaPrimaAnualizada": null,
        "totalPrimas": null,
        "numSolicitud": null,
        "userSubscripcion": null,
        "importeTotal": null,
        "userLiberacion": null,
        "estatus": null,
        "dictamen": null,
        "nombreTitular": null,
        "fechaSuscripcion": "31-07-2024",
        "usuarioLiberacion": null,
        "inforcesPolocyStr": null,
        "polizasAnteriores": null
    },
    {
        "folioCtrl": "202407310ACWE2157596",
        "canal": "WEB",
        "promotoria": "AC",
        "retenedor": "1",
        "tipoMovimiento": "Nuevo Negocio",
        "poliza": "",
        "rfc": "ROEF740514SJ4",
        "prima": "1174.00",
        "motivoAura": "Ocupación",
        "pldArt": "NO",
        "status": "1",
        "fechaSolicitud": null,
        "fechaModificacion": "2024-07-31",
        "fechaAsig": "2024-07-31",
        "selecAsig": "Jesus Carrizales Macuixtle",
        "selecReasig": null,
        "relationSuscDesID": null,
        "numRows": 793,
        "processId": "1269353",
        "sequence": "103",
        "activitySequence": "11",
        "zona": null,
        "primaActual": null,
        "primaMovimiento": "1174.00",
        "nuevaPrima": null,
        "nuevaPrimaAnualizada": null,
        "totalPrimas": null,
        "numSolicitud": null,
        "userSubscripcion": null,
        "importeTotal": null,
        "userLiberacion": null,
        "estatus": null,
        "dictamen": null,
        "nombreTitular": null,
        "fechaSuscripcion": "31-07-2024",
        "usuarioLiberacion": null,
        "inforcesPolocyStr": null,
        "polizasAnteriores": null
    },
    {
        "folioCtrl": "202407310ACWE2149074",
        "canal": "WEB",
        "promotoria": "AC",
        "retenedor": "1",
        "tipoMovimiento": "Nuevo Negocio",
        "poliza": "",
        "rfc": "GASE740511J79",
        "prima": "1452.01",
        "motivoAura": "Ocupación",
        "pldArt": "NO",
        "status": "1",
        "fechaSolicitud": null,
        "fechaModificacion": "2024-07-31",
        "fechaAsig": "2024-07-31",
        "selecAsig": "Jesus Carrizales Macuixtle",
        "selecReasig": null,
        "relationSuscDesID": null,
        "numRows": 793,
        "processId": "1269350",
        "sequence": "103",
        "activitySequence": "11",
        "zona": null,
        "primaActual": null,
        "primaMovimiento": "1452.01",
        "nuevaPrima": null,
        "nuevaPrimaAnualizada": null,
        "totalPrimas": null,
        "numSolicitud": null,
        "userSubscripcion": null,
        "importeTotal": null,
        "userLiberacion": null,
        "estatus": null,
        "dictamen": null,
        "nombreTitular": null,
        "fechaSuscripcion": "31-07-2024",
        "usuarioLiberacion": null,
        "inforcesPolocyStr": null,
        "polizasAnteriores": null
    },
    {
        "folioCtrl": "202407310ACWE2146145",
        "canal": "WEB",
        "promotoria": "AC",
        "retenedor": "12",
        "tipoMovimiento": "Nuevo Negocio",
        "poliza": "",
        "rfc": "ROEO720127TE0",
        "prima": "2396.42",
        "motivoAura": "Ocupación",
        "pldArt": "NO",
        "status": "1",
        "fechaSolicitud": null,
        "fechaModificacion": "2024-07-31",
        "fechaAsig": "2024-07-31",
        "selecAsig": "Jesus Carrizales Macuixtle",
        "selecReasig": null,
        "relationSuscDesID": null,
        "numRows": 793,
        "processId": "1269349",
        "sequence": "103",
        "activitySequence": "11",
        "zona": null,
        "primaActual": null,
        "primaMovimiento": "2396.42",
        "nuevaPrima": null,
        "nuevaPrimaAnualizada": null,
        "totalPrimas": null,
        "numSolicitud": null,
        "userSubscripcion": null,
        "importeTotal": null,
        "userLiberacion": null,
        "estatus": null,
        "dictamen": null,
        "nombreTitular": null,
        "fechaSuscripcion": "31-07-2024",
        "usuarioLiberacion": null,
        "inforcesPolocyStr": null,
        "polizasAnteriores": null
    },
    {
        "folioCtrl": "202407310ACWE2143845",
        "canal": "WEB",
        "promotoria": "AC",
        "retenedor": "1",
        "tipoMovimiento": "Nuevo Negocio",
        "poliza": "",
        "rfc": "GASE7405098S4",
        "prima": "3289.47",
        "motivoAura": "Ocupación",
        "pldArt": "NO",
        "status": "1",
        "fechaSolicitud": null,
        "fechaModificacion": "2024-07-31",
        "fechaAsig": "2024-07-31",
        "selecAsig": "Jesus Carrizales Macuixtle",
        "selecReasig": null,
        "relationSuscDesID": null,
        "numRows": 793,
        "processId": "1269346",
        "sequence": "103",
        "activitySequence": "11",
        "zona": null,
        "primaActual": null,
        "primaMovimiento": "3289.47",
        "nuevaPrima": null,
        "nuevaPrimaAnualizada": null,
        "totalPrimas": null,
        "numSolicitud": null,
        "userSubscripcion": null,
        "importeTotal": null,
        "userLiberacion": null,
        "estatus": null,
        "dictamen": null,
        "nombreTitular": null,
        "fechaSuscripcion": "31-07-2024",
        "usuarioLiberacion": null,
        "inforcesPolocyStr": null,
        "polizasAnteriores": null
    },
    {
        "folioCtrl": "202407310ACWE2140166",
        "canal": "WEB",
        "promotoria": "AC",
        "retenedor": "12",
        "tipoMovimiento": "Nuevo Negocio",
        "poliza": "",
        "rfc": "ROEL7201246D5",
        "prima": "919.33",
        "motivoAura": "Ocupación",
        "pldArt": "NO",
        "status": "1",
        "fechaSolicitud": null,
        "fechaModificacion": "2024-07-31",
        "fechaAsig": "2024-07-31",
        "selecAsig": "Jesus Carrizales Macuixtle",
        "selecReasig": null,
        "relationSuscDesID": null,
        "numRows": 793,
        "processId": "1269343",
        "sequence": "103",
        "activitySequence": "11",
        "zona": null,
        "primaActual": null,
        "primaMovimiento": "919.33",
        "nuevaPrima": null,
        "nuevaPrimaAnualizada": null,
        "totalPrimas": null,
        "numSolicitud": null,
        "userSubscripcion": null,
        "importeTotal": null,
        "userLiberacion": null,
        "estatus": null,
        "dictamen": null,
        "nombreTitular": null,
        "fechaSuscripcion": "31-07-2024",
        "usuarioLiberacion": null,
        "inforcesPolocyStr": null,
        "polizasAnteriores": null
    },
    {
        "folioCtrl": "202407310ACWE2136917",
        "canal": "WEB",
        "promotoria": "AC",
        "retenedor": "12",
        "tipoMovimiento": "Nuevo Negocio",
        "poliza": "",
        "rfc": "ROER720122DP6",
        "prima": "919.33",
        "motivoAura": "Ocupación",
        "pldArt": "NO",
        "status": "1",
        "fechaSolicitud": null,
        "fechaModificacion": "2024-07-31",
        "fechaAsig": "2024-07-31",
        "selecAsig": "Jesus Carrizales Macuixtle",
        "selecReasig": null,
        "relationSuscDesID": null,
        "numRows": 793,
        "processId": "1269340",
        "sequence": "103",
        "activitySequence": "11",
        "zona": null,
        "primaActual": null,
        "primaMovimiento": "919.33",
        "nuevaPrima": null,
        "nuevaPrimaAnualizada": null,
        "totalPrimas": null,
        "numSolicitud": null,
        "userSubscripcion": null,
        "importeTotal": null,
        "userLiberacion": null,
        "estatus": null,
        "dictamen": null,
        "nombreTitular": null,
        "fechaSuscripcion": "31-07-2024",
        "usuarioLiberacion": null,
        "inforcesPolocyStr": null,
        "polizasAnteriores": null
    },
    {
        "folioCtrl": "202407310ACWE2129978",
        "canal": "WEB",
        "promotoria": "AC",
        "retenedor": "1",
        "tipoMovimiento": "Nuevo Negocio",
        "poliza": "",
        "rfc": "GASC740504DC8",
        "prima": "1335.07",
        "motivoAura": "Ocupación",
        "pldArt": "NO",
        "status": "1",
        "fechaSolicitud": null,
        "fechaModificacion": "2024-07-31",
        "fechaAsig": "2024-07-31",
        "selecAsig": "Jesus Carrizales Macuixtle",
        "selecReasig": null,
        "relationSuscDesID": null,
        "numRows": 793,
        "processId": "1269337",
        "sequence": "103",
        "activitySequence": "11",
        "zona": null,
        "primaActual": null,
        "primaMovimiento": "1335.07",
        "nuevaPrima": null,
        "nuevaPrimaAnualizada": null,
        "totalPrimas": null,
        "numSolicitud": null,
        "userSubscripcion": null,
        "importeTotal": null,
        "userLiberacion": null,
        "estatus": null,
        "dictamen": null,
        "nombreTitular": null,
        "fechaSuscripcion": "31-07-2024",
        "usuarioLiberacion": null,
        "inforcesPolocyStr": null,
        "polizasAnteriores": null
    },
    {
        "folioCtrl": "202407310ACWE2126243",
        "canal": "WEB",
        "promotoria": "AC",
        "retenedor": "1",
        "tipoMovimiento": "Nuevo Negocio",
        "poliza": "",
        "rfc": "ROEC740503L73",
        "prima": "1167.87",
        "motivoAura": "Ocupación",
        "pldArt": "NO",
        "status": "1",
        "fechaSolicitud": null,
        "fechaModificacion": "2024-07-31",
        "fechaAsig": "2024-07-31",
        "selecAsig": "Jesus Carrizales Macuixtle",
        "selecReasig": null,
        "relationSuscDesID": null,
        "numRows": 793,
        "processId": "1269336",
        "sequence": "103",
        "activitySequence": "11",
        "zona": null,
        "primaActual": null,
        "primaMovimiento": "1167.87",
        "nuevaPrima": null,
        "nuevaPrimaAnualizada": null,
        "totalPrimas": null,
        "numSolicitud": null,
        "userSubscripcion": null,
        "importeTotal": null,
        "userLiberacion": null,
        "estatus": null,
        "dictamen": null,
        "nombreTitular": null,
        "fechaSuscripcion": "31-07-2024",
        "usuarioLiberacion": null,
        "inforcesPolocyStr": null,
        "polizasAnteriores": null
    },
    {
        "folioCtrl": "202407310ACWE2105463",
        "canal": "WEB",
        "promotoria": "AC",
        "retenedor": "12",
        "tipoMovimiento": "Nuevo Negocio",
        "poliza": "",
        "rfc": "ROER720122DP6",
        "prima": "919.33",
        "motivoAura": "Ocupación",
        "pldArt": "NO",
        "status": "1",
        "fechaSolicitud": null,
        "fechaModificacion": "2024-07-31",
        "fechaAsig": "2024-07-31",
        "selecAsig": "Jesus Carrizales Macuixtle",
        "selecReasig": null,
        "relationSuscDesID": null,
        "numRows": 793,
        "processId": "1269333",
        "sequence": "103",
        "activitySequence": "11",
        "zona": null,
        "primaActual": null,
        "primaMovimiento": "919.33",
        "nuevaPrima": null,
        "nuevaPrimaAnualizada": null,
        "totalPrimas": null,
        "numSolicitud": null,
        "userSubscripcion": null,
        "importeTotal": null,
        "userLiberacion": null,
        "estatus": null,
        "dictamen": null,
        "nombreTitular": null,
        "fechaSuscripcion": "31-07-2024",
        "usuarioLiberacion": null,
        "inforcesPolocyStr": null,
        "polizasAnteriores": null
    },
    {
        "folioCtrl": "202407310ACWE2057372",
        "canal": "WEB",
        "promotoria": "AC",
        "retenedor": "12",
        "tipoMovimiento": "Nuevo Negocio",
        "poliza": "",
        "rfc": "ROER720122DP6",
        "prima": "919.33",
        "motivoAura": "Ocupación",
        "pldArt": "NO",
        "status": "1",
        "fechaSolicitud": null,
        "fechaModificacion": "2024-07-31",
        "fechaAsig": "2024-07-31",
        "selecAsig": "Jesus Carrizales Macuixtle",
        "selecReasig": null,
        "relationSuscDesID": null,
        "numRows": 793,
        "processId": "1269332",
        "sequence": "103",
        "activitySequence": "11",
        "zona": null,
        "primaActual": null,
        "primaMovimiento": "919.33",
        "nuevaPrima": null,
        "nuevaPrimaAnualizada": null,
        "totalPrimas": null,
        "numSolicitud": null,
        "userSubscripcion": null,
        "importeTotal": null,
        "userLiberacion": null,
        "estatus": null,
        "dictamen": null,
        "nombreTitular": null,
        "fechaSuscripcion": "31-07-2024",
        "usuarioLiberacion": null,
        "inforcesPolocyStr": null,
        "polizasAnteriores": null
    },
    {
        "folioCtrl": "202407310ACWE1953297",
        "canal": "WEB",
        "promotoria": "AC",
        "retenedor": "12",
        "tipoMovimiento": "Nuevo Negocio",
        "poliza": "",
        "rfc": "ROEI730213SI6",
        "prima": "1033.92",
        "motivoAura": "Ocupación",
        "pldArt": "NO",
        "status": "1",
        "fechaSolicitud": null,
        "fechaModificacion": "2024-07-31",
        "fechaAsig": "2024-07-31",
        "selecAsig": "Jesus Carrizales Macuixtle",
        "selecReasig": null,
        "relationSuscDesID": null,
        "numRows": 793,
        "processId": "1269329",
        "sequence": "103",
        "activitySequence": "11",
        "zona": null,
        "primaActual": null,
        "primaMovimiento": "1033.92",
        "nuevaPrima": null,
        "nuevaPrimaAnualizada": null,
        "totalPrimas": null,
        "numSolicitud": null,
        "userSubscripcion": null,
        "importeTotal": null,
        "userLiberacion": null,
        "estatus": null,
        "dictamen": null,
        "nombreTitular": null,
        "fechaSuscripcion": "31-07-2024",
        "usuarioLiberacion": null,
        "inforcesPolocyStr": null,
        "polizasAnteriores": null
    },
    {
        "folioCtrl": "202407310ACWE1947477",
        "canal": "WEB",
        "promotoria": "AC",
        "retenedor": "12",
        "tipoMovimiento": "Nuevo Negocio",
        "poliza": "",
        "rfc": "GASA7302105Z8",
        "prima": "3036.83",
        "motivoAura": "Ocupación",
        "pldArt": "NO",
        "status": "1",
        "fechaSolicitud": null,
        "fechaModificacion": "2024-07-31",
        "fechaAsig": "2024-07-31",
        "selecAsig": "Jesus Carrizales Macuixtle",
        "selecReasig": null,
        "relationSuscDesID": null,
        "numRows": 793,
        "processId": "1269326",
        "sequence": "103",
        "activitySequence": "11",
        "zona": null,
        "primaActual": null,
        "primaMovimiento": "3036.83",
        "nuevaPrima": null,
        "nuevaPrimaAnualizada": null,
        "totalPrimas": null,
        "numSolicitud": null,
        "userSubscripcion": null,
        "importeTotal": null,
        "userLiberacion": null,
        "estatus": null,
        "dictamen": null,
        "nombreTitular": null,
        "fechaSuscripcion": "31-07-2024",
        "usuarioLiberacion": null,
        "inforcesPolocyStr": null,
        "polizasAnteriores": null
    },
    {
        "folioCtrl": "202407310ACWE1940874",
        "canal": "WEB",
        "promotoria": "AC",
        "retenedor": "12",
        "tipoMovimiento": "Nuevo Negocio",
        "poliza": "",
        "rfc": "ROEA730207LM3",
        "prima": "2333.92",
        "motivoAura": "Ocupación",
        "pldArt": "NO",
        "status": "1",
        "fechaSolicitud": null,
        "fechaModificacion": "2024-07-31",
        "fechaAsig": "2024-07-31",
        "selecAsig": "Jesus Carrizales Macuixtle",
        "selecReasig": null,
        "relationSuscDesID": null,
        "numRows": 793,
        "processId": "1269323",
        "sequence": "103",
        "activitySequence": "11",
        "zona": null,
        "primaActual": null,
        "primaMovimiento": "2333.92",
        "nuevaPrima": null,
        "nuevaPrimaAnualizada": null,
        "totalPrimas": null,
        "numSolicitud": null,
        "userSubscripcion": null,
        "importeTotal": null,
        "userLiberacion": null,
        "estatus": null,
        "dictamen": null,
        "nombreTitular": null,
        "fechaSuscripcion": "31-07-2024",
        "usuarioLiberacion": null,
        "inforcesPolocyStr": null,
        "polizasAnteriores": null
    },
    {
        "folioCtrl": "202407310ACWE1931727",
        "canal": "WEB",
        "promotoria": "AC",
        "retenedor": "12",
        "tipoMovimiento": "Nuevo Negocio",
        "poliza": "",
        "rfc": "ROEG730203TT4",
        "prima": "1033.92",
        "motivoAura": "Ocupación",
        "pldArt": "NO",
        "status": "1",
        "fechaSolicitud": null,
        "fechaModificacion": "2024-07-31",
        "fechaAsig": "2024-07-31",
        "selecAsig": "Jesus Carrizales Macuixtle",
        "selecReasig": null,
        "relationSuscDesID": null,
        "numRows": 793,
        "processId": "1269319",
        "sequence": "103",
        "activitySequence": "11",
        "zona": null,
        "primaActual": null,
        "primaMovimiento": "1033.92",
        "nuevaPrima": null,
        "nuevaPrimaAnualizada": null,
        "totalPrimas": null,
        "numSolicitud": null,
        "userSubscripcion": null,
        "importeTotal": null,
        "userLiberacion": null,
        "estatus": null,
        "dictamen": null,
        "nombreTitular": null,
        "fechaSuscripcion": "31-07-2024",
        "usuarioLiberacion": null,
        "inforcesPolocyStr": null,
        "polizasAnteriores": null
    },
    {
        "folioCtrl": "202407310ACWE1927352",
        "canal": "WEB",
        "promotoria": "AC",
        "retenedor": "12",
        "tipoMovimiento": "Nuevo Negocio",
        "poliza": "",
        "rfc": "ROEK730201GB8",
        "prima": "1250.00",
        "motivoAura": "Ocupación",
        "pldArt": "NO",
        "status": "1",
        "fechaSolicitud": null,
        "fechaModificacion": "2024-07-31",
        "fechaAsig": "2024-07-31",
        "selecAsig": "Jesus Carrizales Macuixtle",
        "selecReasig": null,
        "relationSuscDesID": null,
        "numRows": 793,
        "processId": "1269317",
        "sequence": "103",
        "activitySequence": "11",
        "zona": null,
        "primaActual": null,
        "primaMovimiento": "1250.00",
        "nuevaPrima": null,
        "nuevaPrimaAnualizada": null,
        "totalPrimas": null,
        "numSolicitud": null,
        "userSubscripcion": null,
        "importeTotal": null,
        "userLiberacion": null,
        "estatus": null,
        "dictamen": null,
        "nombreTitular": null,
        "fechaSuscripcion": "31-07-2024",
        "usuarioLiberacion": null,
        "inforcesPolocyStr": null,
        "polizasAnteriores": null
    },
    {
        "folioCtrl": "202407310ACWE1920405",
        "canal": "WEB",
        "promotoria": "AC",
        "retenedor": "12",
        "tipoMovimiento": "Nuevo Negocio",
        "poliza": "",
        "rfc": "GASM7201284G7",
        "prima": "2051.00",
        "motivoAura": "Ocupación",
        "pldArt": "NO",
        "status": "1",
        "fechaSolicitud": null,
        "fechaModificacion": "2024-07-31",
        "fechaAsig": "2024-07-31",
        "selecAsig": "Jesus Carrizales Macuixtle",
        "selecReasig": null,
        "relationSuscDesID": null,
        "numRows": 793,
        "processId": "1269314",
        "sequence": "103",
        "activitySequence": "11",
        "zona": null,
        "primaActual": null,
        "primaMovimiento": "2051.00",
        "nuevaPrima": null,
        "nuevaPrimaAnualizada": null,
        "totalPrimas": null,
        "numSolicitud": null,
        "userSubscripcion": null,
        "importeTotal": null,
        "userLiberacion": null,
        "estatus": null,
        "dictamen": null,
        "nombreTitular": null,
        "fechaSuscripcion": "31-07-2024",
        "usuarioLiberacion": null,
        "inforcesPolocyStr": null,
        "polizasAnteriores": null
    },
    {
        "folioCtrl": "202407310ACWE1913876",
        "canal": "WEB",
        "promotoria": "AC",
        "retenedor": "12",
        "tipoMovimiento": "Nuevo Negocio",
        "poliza": "",
        "rfc": "GASL7201259W2",
        "prima": "1314.42",
        "motivoAura": "Ocupación",
        "pldArt": "NO",
        "status": "1",
        "fechaSolicitud": null,
        "fechaModificacion": "2024-07-31",
        "fechaAsig": "2024-07-31",
        "selecAsig": "Jesus Carrizales Macuixtle",
        "selecReasig": null,
        "relationSuscDesID": null,
        "numRows": 793,
        "processId": "1269311",
        "sequence": "103",
        "activitySequence": "11",
        "zona": null,
        "primaActual": null,
        "primaMovimiento": "1314.42",
        "nuevaPrima": null,
        "nuevaPrimaAnualizada": null,
        "totalPrimas": null,
        "numSolicitud": null,
        "userSubscripcion": null,
        "importeTotal": null,
        "userLiberacion": null,
        "estatus": null,
        "dictamen": null,
        "nombreTitular": null,
        "fechaSuscripcion": "31-07-2024",
        "usuarioLiberacion": null,
        "inforcesPolocyStr": null,
        "polizasAnteriores": null
    },
    {
        "folioCtrl": "202407310ACWE1906611",
        "canal": "WEB",
        "promotoria": "AC",
        "retenedor": "12",
        "tipoMovimiento": "Nuevo Negocio",
        "poliza": "",
        "rfc": "ROER720122DP6",
        "prima": "919.33",
        "motivoAura": "Ocupación",
        "pldArt": "NO",
        "status": "1",
        "fechaSolicitud": null,
        "fechaModificacion": "2024-07-31",
        "fechaAsig": "2024-07-31",
        "selecAsig": "Jesus Carrizales Macuixtle",
        "selecReasig": null,
        "relationSuscDesID": null,
        "numRows": 793,
        "processId": "1269308",
        "sequence": "103",
        "activitySequence": "11",
        "zona": null,
        "primaActual": null,
        "primaMovimiento": "919.33",
        "nuevaPrima": null,
        "nuevaPrimaAnualizada": null,
        "totalPrimas": null,
        "numSolicitud": null,
        "userSubscripcion": null,
        "importeTotal": null,
        "userLiberacion": null,
        "estatus": null,
        "dictamen": null,
        "nombreTitular": null,
        "fechaSuscripcion": "31-07-2024",
        "usuarioLiberacion": null,
        "inforcesPolocyStr": null,
        "polizasAnteriores": null
    },
    {
        "folioCtrl": "202407310ACWE1701954",
        "canal": "WEB",
        "promotoria": "AC",
        "retenedor": "12",
        "tipoMovimiento": "Nuevo Negocio",
        "poliza": "",
        "rfc": "ROEA730211350",
        "prima": "1250.00",
        "motivoAura": "Ocupación",
        "pldArt": "NO",
        "status": "1",
        "fechaSolicitud": null,
        "fechaModificacion": "2024-07-31",
        "fechaAsig": "2024-07-31",
        "selecAsig": "Jesus Carrizales Macuixtle",
        "selecReasig": null,
        "relationSuscDesID": null,
        "numRows": 793,
        "processId": "1269299",
        "sequence": "103",
        "activitySequence": "11",
        "zona": null,
        "primaActual": null,
        "primaMovimiento": "1250.00",
        "nuevaPrima": null,
        "nuevaPrimaAnualizada": null,
        "totalPrimas": null,
        "numSolicitud": null,
        "userSubscripcion": null,
        "importeTotal": null,
        "userLiberacion": null,
        "estatus": null,
        "dictamen": null,
        "nombreTitular": null,
        "fechaSuscripcion": "31-07-2024",
        "usuarioLiberacion": null,
        "inforcesPolocyStr": null,
        "polizasAnteriores": null
    },
    {
        "folioCtrl": "202407310ACWE1655851",
        "canal": "WEB",
        "promotoria": "AC",
        "retenedor": "12",
        "tipoMovimiento": "Nuevo Negocio",
        "poliza": "",
        "rfc": "GASM730208BF6",
        "prima": "1986.83",
        "motivoAura": "Ocupación",
        "pldArt": "NO",
        "status": "1",
        "fechaSolicitud": null,
        "fechaModificacion": "2024-07-31",
        "fechaAsig": "2024-07-31",
        "selecAsig": "Jesus Carrizales Macuixtle",
        "selecReasig": null,
        "relationSuscDesID": null,
        "numRows": 793,
        "processId": "1269295",
        "sequence": "103",
        "activitySequence": "11",
        "zona": null,
        "primaActual": null,
        "primaMovimiento": "1986.83",
        "nuevaPrima": null,
        "nuevaPrimaAnualizada": null,
        "totalPrimas": null,
        "numSolicitud": null,
        "userSubscripcion": null,
        "importeTotal": null,
        "userLiberacion": null,
        "estatus": null,
        "dictamen": null,
        "nombreTitular": null,
        "fechaSuscripcion": "31-07-2024",
        "usuarioLiberacion": null,
        "inforcesPolocyStr": null,
        "polizasAnteriores": null
    },
    {
        "folioCtrl": "202407310ACWE1648192",
        "canal": "WEB",
        "promotoria": "AC",
        "retenedor": "12",
        "tipoMovimiento": "Nuevo Negocio",
        "poliza": "",
        "rfc": "ROEI730205SI3",
        "prima": "1033.92",
        "motivoAura": "Ocupación",
        "pldArt": "NO",
        "status": "1",
        "fechaSolicitud": null,
        "fechaModificacion": "2024-07-31",
        "fechaAsig": "2024-07-31",
        "selecAsig": "Jesus Carrizales Macuixtle",
        "selecReasig": null,
        "relationSuscDesID": null,
        "numRows": 793,
        "processId": "1269292",
        "sequence": "103",
        "activitySequence": "11",
        "zona": null,
        "primaActual": null,
        "primaMovimiento": "1033.92",
        "nuevaPrima": null,
        "nuevaPrimaAnualizada": null,
        "totalPrimas": null,
        "numSolicitud": null,
        "userSubscripcion": null,
        "importeTotal": null,
        "userLiberacion": null,
        "estatus": null,
        "dictamen": null,
        "nombreTitular": null,
        "fechaSuscripcion": "31-07-2024",
        "usuarioLiberacion": null,
        "inforcesPolocyStr": null,
        "polizasAnteriores": null
    },
    {
        "folioCtrl": "202407310ACWE1644616",
        "canal": "WEB",
        "promotoria": "AC",
        "retenedor": "12",
        "tipoMovimiento": "Nuevo Negocio",
        "poliza": "",
        "rfc": "ROEG730203TT4",
        "prima": "1033.92",
        "motivoAura": "Ocupación",
        "pldArt": "NO",
        "status": "1",
        "fechaSolicitud": null,
        "fechaModificacion": "2024-07-31",
        "fechaAsig": "2024-07-31",
        "selecAsig": "Jesus Carrizales Macuixtle",
        "selecReasig": null,
        "relationSuscDesID": null,
        "numRows": 793,
        "processId": "1269287",
        "sequence": "103",
        "activitySequence": "11",
        "zona": null,
        "primaActual": null,
        "primaMovimiento": "1033.92",
        "nuevaPrima": null,
        "nuevaPrimaAnualizada": null,
        "totalPrimas": null,
        "numSolicitud": null,
        "userSubscripcion": null,
        "importeTotal": null,
        "userLiberacion": null,
        "estatus": null,
        "dictamen": null,
        "nombreTitular": null,
        "fechaSuscripcion": "31-07-2024",
        "usuarioLiberacion": null,
        "inforcesPolocyStr": null,
        "polizasAnteriores": null
    },
    {
        "folioCtrl": "202407310ACWE1638838",
        "canal": "WEB",
        "promotoria": "AC",
        "retenedor": "12",
        "tipoMovimiento": "Nuevo Negocio",
        "poliza": "",
        "rfc": "GASJ720130CC4",
        "prima": "3101.00",
        "motivoAura": "Ocupación",
        "pldArt": "NO",
        "status": "1",
        "fechaSolicitud": null,
        "fechaModificacion": "2024-07-31",
        "fechaAsig": "2024-07-31",
        "selecAsig": "Jesus Carrizales Macuixtle",
        "selecReasig": null,
        "relationSuscDesID": null,
        "numRows": 793,
        "processId": "1269280",
        "sequence": "103",
        "activitySequence": "11",
        "zona": null,
        "primaActual": null,
        "primaMovimiento": "3101.00",
        "nuevaPrima": null,
        "nuevaPrimaAnualizada": null,
        "totalPrimas": null,
        "numSolicitud": null,
        "userSubscripcion": null,
        "importeTotal": null,
        "userLiberacion": null,
        "estatus": null,
        "dictamen": null,
        "nombreTitular": null,
        "fechaSuscripcion": "31-07-2024",
        "usuarioLiberacion": null,
        "inforcesPolocyStr": null,
        "polizasAnteriores": null
    },
    {
        "folioCtrl": "202407310ACWE1631540",
        "canal": "WEB",
        "promotoria": "AC",
        "retenedor": "12",
        "tipoMovimiento": "Nuevo Negocio",
        "poliza": "",
        "rfc": "ROEJ720127KI5",
        "prima": "2396.42",
        "motivoAura": "Ocupación",
        "pldArt": "NO",
        "status": "1",
        "fechaSolicitud": null,
        "fechaModificacion": "2024-07-31",
        "fechaAsig": "2024-07-31",
        "selecAsig": "Jesus Carrizales Macuixtle",
        "selecReasig": null,
        "relationSuscDesID": null,
        "numRows": 793,
        "processId": "1269275",
        "sequence": "103",
        "activitySequence": "11",
        "zona": null,
        "primaActual": null,
        "primaMovimiento": "2396.42",
        "nuevaPrima": null,
        "nuevaPrimaAnualizada": null,
        "totalPrimas": null,
        "numSolicitud": null,
        "userSubscripcion": null,
        "importeTotal": null,
        "userLiberacion": null,
        "estatus": null,
        "dictamen": null,
        "nombreTitular": null,
        "fechaSuscripcion": "31-07-2024",
        "usuarioLiberacion": null,
        "inforcesPolocyStr": null,
        "polizasAnteriores": null
    },
    {
        "folioCtrl": "202407310ACWE1625722",
        "canal": "WEB",
        "promotoria": "AC",
        "retenedor": "12",
        "tipoMovimiento": "Nuevo Negocio",
        "poliza": "",
        "rfc": "ROEL720124SKA",
        "prima": "919.33",
        "motivoAura": "Ocupación, Siniestro OII",
        "pldArt": "NO",
        "status": "1",
        "fechaSolicitud": null,
        "fechaModificacion": "2024-07-31",
        "fechaAsig": "2024-07-31",
        "selecAsig": "Jesus Carrizales Macuixtle",
        "selecReasig": null,
        "relationSuscDesID": null,
        "numRows": 793,
        "processId": "1269269",
        "sequence": "103",
        "activitySequence": "11",
        "zona": null,
        "primaActual": null,
        "primaMovimiento": "919.33",
        "nuevaPrima": null,
        "nuevaPrimaAnualizada": null,
        "totalPrimas": null,
        "numSolicitud": null,
        "userSubscripcion": null,
        "importeTotal": null,
        "userLiberacion": null,
        "estatus": null,
        "dictamen": null,
        "nombreTitular": null,
        "fechaSuscripcion": "31-07-2024",
        "usuarioLiberacion": null,
        "inforcesPolocyStr": null,
        "polizasAnteriores": null
    },
    {
        "folioCtrl": "202407310ACWE1514641",
        "canal": "WEB",
        "promotoria": "AC",
        "retenedor": "12",
        "tipoMovimiento": "Nuevo Negocio",
        "poliza": "",
        "rfc": "GASE7201308SA",
        "prima": "3440.86",
        "motivoAura": "Ocupación",
        "pldArt": "NO",
        "status": "1",
        "fechaSolicitud": null,
        "fechaModificacion": "2024-07-31",
        "fechaAsig": "2024-07-31",
        "selecAsig": "Jesus Carrizales Macuixtle",
        "selecReasig": null,
        "relationSuscDesID": null,
        "numRows": 793,
        "processId": "1269255",
        "sequence": "103",
        "activitySequence": "11",
        "zona": null,
        "primaActual": null,
        "primaMovimiento": "3440.86",
        "nuevaPrima": null,
        "nuevaPrimaAnualizada": null,
        "totalPrimas": null,
        "numSolicitud": null,
        "userSubscripcion": null,
        "importeTotal": null,
        "userLiberacion": null,
        "estatus": null,
        "dictamen": null,
        "nombreTitular": null,
        "fechaSuscripcion": "31-07-2024",
        "usuarioLiberacion": null,
        "inforcesPolocyStr": null,
        "polizasAnteriores": null
    },
    {
        "folioCtrl": "202407310ACWE1501257",
        "canal": "WEB",
        "promotoria": "AC",
        "retenedor": "12",
        "tipoMovimiento": "Nuevo Negocio",
        "poliza": "",
        "rfc": "GASC720125DCA",
        "prima": "1495.12",
        "motivoAura": "Ocupación",
        "pldArt": "NO",
        "status": "1",
        "fechaSolicitud": null,
        "fechaModificacion": "2024-07-31",
        "fechaAsig": "2024-07-31",
        "selecAsig": "Jesus Carrizales Macuixtle",
        "selecReasig": null,
        "relationSuscDesID": null,
        "numRows": 793,
        "processId": "1269251",
        "sequence": "103",
        "activitySequence": "11",
        "zona": null,
        "primaActual": null,
        "primaMovimiento": "1495.12",
        "nuevaPrima": null,
        "nuevaPrimaAnualizada": null,
        "totalPrimas": null,
        "numSolicitud": null,
        "userSubscripcion": null,
        "importeTotal": null,
        "userLiberacion": null,
        "estatus": null,
        "dictamen": null,
        "nombreTitular": null,
        "fechaSuscripcion": "31-07-2024",
        "usuarioLiberacion": null,
        "inforcesPolocyStr": null,
        "polizasAnteriores": null
    },
    {
        "folioCtrl": "202407310ACWE1457041",
        "canal": "WEB",
        "promotoria": "AC",
        "retenedor": "12",
        "tipoMovimiento": "Nuevo Negocio",
        "poliza": "",
        "rfc": "GASC7201233M8",
        "prima": "1557.54",
        "motivoAura": "Ocupación",
        "pldArt": "NO",
        "status": "1",
        "fechaSolicitud": null,
        "fechaModificacion": "2024-07-31",
        "fechaAsig": "2024-07-31",
        "selecAsig": "Jesus Carrizales Macuixtle",
        "selecReasig": null,
        "relationSuscDesID": null,
        "numRows": 793,
        "processId": "1269248",
        "sequence": "103",
        "activitySequence": "11",
        "zona": null,
        "primaActual": null,
        "primaMovimiento": "1557.54",
        "nuevaPrima": null,
        "nuevaPrimaAnualizada": null,
        "totalPrimas": null,
        "numSolicitud": null,
        "userSubscripcion": null,
        "importeTotal": null,
        "userLiberacion": null,
        "estatus": null,
        "dictamen": null,
        "nombreTitular": null,
        "fechaSuscripcion": "31-07-2024",
        "usuarioLiberacion": null,
        "inforcesPolocyStr": null,
        "polizasAnteriores": null
    },
    {
        "folioCtrl": "202407300ACWE1924077",
        "canal": "WEB",
        "promotoria": "AC",
        "retenedor": "12",
        "tipoMovimiento": "Nuevo Negocio",
        "poliza": "",
        "rfc": "GASC7305023MA",
        "prima": "1469.99",
        "motivoAura": "Ocupación",
        "pldArt": "NO",
        "status": "1",
        "fechaSolicitud": null,
        "fechaModificacion": "2024-07-30",
        "fechaAsig": "2024-07-30",
        "selecAsig": "Jesus Carrizales Macuixtle",
        "selecReasig": null,
        "relationSuscDesID": null,
        "numRows": 793,
        "processId": "1269182",
        "sequence": "103",
        "activitySequence": "11",
        "zona": null,
        "primaActual": null,
        "primaMovimiento": "1469.99",
        "nuevaPrima": null,
        "nuevaPrimaAnualizada": null,
        "totalPrimas": null,
        "numSolicitud": null,
        "userSubscripcion": null,
        "importeTotal": null,
        "userLiberacion": null,
        "estatus": null,
        "dictamen": null,
        "nombreTitular": null,
        "fechaSuscripcion": "30-07-2024",
        "usuarioLiberacion": null,
        "inforcesPolocyStr": null,
        "polizasAnteriores": null
    },
    {
        "folioCtrl": "202407150KSDE1242075",
        "canal": "MOBILE",
        "promotoria": "KS",
        "retenedor": "1",
        "tipoMovimiento": "Nuevo Negocio",
        "poliza": "",
        "rfc": "CACL940603SG4",
        "prima": "742.64",
        "motivoAura": "Siniestro OII",
        "pldArt": "NO",
        "status": "1",
        "fechaSolicitud": null,
        "fechaModificacion": "2024-07-15",
        "fechaAsig": "2024-07-15",
        "selecAsig": "Jesus Carrizales Macuixtle",
        "selecReasig": null,
        "relationSuscDesID": null,
        "numRows": 793,
        "processId": "1268229",
        "sequence": "105",
        "activitySequence": "11",
        "zona": null,
        "primaActual": null,
        "primaMovimiento": "742.64",
        "nuevaPrima": null,
        "nuevaPrimaAnualizada": null,
        "totalPrimas": null,
        "numSolicitud": null,
        "userSubscripcion": null,
        "importeTotal": null,
        "userLiberacion": null,
        "estatus": null,
        "dictamen": null,
        "nombreTitular": null,
        "fechaSuscripcion": "15-07-2024",
        "usuarioLiberacion": null,
        "inforcesPolocyStr": null,
        "polizasAnteriores": null
    }
]