{
    "auraException": null,
    "resultObject": [
        {
            "id": 13,
            "name": "ORIGIN",
            "description": "Orígenes (Catálogo)",
            "vigency": 1,
            "editableUsr": 1
        },
        {
            "id": 14,
            "name": "BUSSINES_RULE",
            "description": "Sub Rubro",
            "vigency": 1,
            "editableUsr": 1
        },
        {
            "id": 15,
            "name": "RESULTS",
            "description": "Sub Rubro",
            "vigency": 1,
            "editableUsr": 1
        },
        {
            "id": 16,
            "name": "CLASSIFICATION",
            "description": "Clasificación",
            "vigency": 1,
            "editableUsr": 1
        },
        {
            "id": 17,
            "name": "MOTIVO_RECHAZO",
            "description": "Motivo de rechazo",
            "vigency": 1,
            "editableUsr": 1
        },
        {
            "id": 18,
            "name": "STUDY_TYPE",
            "description": "Tipo de Estudio",
            "vigency": 1,
            "editableUsr": 1
        }
    ],
    "result": true
}